branch_id,branch_name,city,address,manager_name,phone
1,Branch 1,Hendersontown,20180 Herman Street,Morgan Glover,+1-927-760-2198x63236
2,Branch 2,Josephborough,570 Carrie Harbors Suite 806,Timothy Randall,661.301.9826
3,Branch 3,Lake Anamouth,4839 Derek Forks Suite 271,Jennifer Hardin,001-395-907-3447x252
4,Branch 4,East Cory,146 Jenkins Corners Suite 139,Kelly Sanchez,544-718-8579x5014
5,Branch 5,New Jessica,59731 Mathew Crest Suite 942,Joshua Hebert,+1-952-517-4488x5531
6,Branch 6,New Joshua,73559 Turner Summit,David Coleman,(384)393-8979
7,Branch 7,North Karen,879 Amy Squares,Traci Sherman,8288914175
8,Branch 8,Ambershire,6989 Woodard Extension Suite 955,Daniel Perez,+1-907-484-1327x471
9,Branch 9,Jamestown,5486 Cobb Plaza Apt. 556,Albert Tate,826.292.5082
10,Branch 10,Lisaburgh,49522 Devin Islands,Antonio Martinez,533-674-0792
11,Branch 11,Lake Steven,516 William Row,Teresa Weeks,(622)740-8921x441
12,Branch 12,North Michael,5775 Cynthia Causeway Apt. 105,Rhonda Nunez,001-298-436-2328
13,Branch 13,Miguelfort,2959 Shaw Manors Apt. 090,Scott Summers II,(261)952-0365x77194
14,Branch 14,Wilsonchester,0455 Kennedy Avenue,Pamela Barton,683.916.7159x270
15,Branch 15,Jonesmouth,17789 Jones Points,Jessica Stephens,(691)214-8070x6538
16,Branch 16,Gravesberg,386 Tracy Landing,Raven Charles,001-734-697-4346x17246
17,Branch 17,Newmanport,772 Jonathan Summit,Nancy Lopez,377-242-7323x244
18,Branch 18,Kingfurt,6248 Miller Park Suite 831,Kimberly Morales,(821)324-7164x184
19,Branch 19,Rachelmouth,4761 Jones Throughway,Craig Lewis,+1-364-418-7977x019
20,Branch 20,Lake Jennystad,4419 Martin Pine,Wendy Alexander,+1-905-436-0506
